{
"Earth":{
    "orbit":{
        "Parent":"Sun",
        "frame":"Ecliptic",
        "a": 1.4959839045e11,
        "e": 0.01671123,
        "i": -0.00001531,
        "L": 0.0,
        "w": 102.93768193,
        "M0": -2.47311027,
        "t0": "J2000",
        "P": ""
    },
    "orbitRate":{
        "da": 0.000266414670317,
        "de": -1.3917408168e-14,
        "di": -4.1025553274e-12,
        "dL": 0.0,
        "dw": 1.0243923492e-10,
        "dM": 0.0000114074103152
    },
    "Params":{
        "Radius": 6378009,
        "Color": "#0080ff",
        "Mass": 3.9860044188e14
    }
},
"Moon":{
    "orbit":{
        "Parent":"Earth",
        "frame":"Ecliptic",
        "a": 384400e3,
        "e": 0.0554,
        "i": 5.16,
        "L": 125.08,
        "w": 318.15,
        "M0": 135.27,
        "t0": "J2000",
        "P": ""
    },
    "orbitRate":{
        "da": 1.2041473369e-9,
        "de": 0.0,
        "di": 0.0,
        "dL": -6.1331782866e-7,
        "dw": 1.90223638704e-6,
        "dM": 0.000151213338475
    },
    "Params":{
        "Radius": 1738100,
        "Color": "#808080",
        "Mass": 4.902800118e12
    }
},
"Mercury":{
    "orbit":{
        "Parent":"Sun",
        "frame":"Ecliptic",
        "a": 5.7909150931e10,
        "e": 0.20563661,
        "i": 7.00559432,
        "L": 48.33961819,
        "w": 29.11810076,
        "M0": 174.79394829,
        "t0": "J2000",
        "P": ""
    },
    "orbitRate":{
        "da": 0.0,
        "de": 6.7273810429e-15,
        "di": -1.8700978528e-12,
        "dL": -3.971810594e-11,
        "dw": 9.0570163764e-11,
        "dM": 0.0000473649819587
    },
    "Params":{
        "Radius": 2439.7e3,
        "Color": "#a0a0a0",
        "Mass": 2.2031870799860e13
    }
},
"Venus":{
    "orbit":{
        "Parent":"Sun",
        "frame":"Ecliptic",
        "a": 1.0820956806e11,
        "e": 0.00677672,
        "i": 3.39467605,
        "L": 76.67984255,
        "w": 54.92262463,
        "M0": 50.37663232,
        "t0": "J2000",
        "P": ""
    },
    "orbitRate":{
        "da": 0.000184878507871,
        "de": -1.3014297665e-14,
        "di": -2.4998732476e-13,
        "dL": -8.7995975613e-11,
        "dw": 8.8846258904e-11,
        "dM": 0.0000185431758765
    },
    "Params":{
        "Radius": 6052e3,
        "Color": "#ffffee",
        "Mass": 3.248585926e14
    }
},
"Mars":{
    "orbit":{
        "Parent":"Sun",
        "frame":"Ecliptic",
        "a": 2.2794401944e11,
        "e": 0.09339410,
        "i": 1.84969142,
        "L": 49.55953891,
        "w": -73.5031685,
        "M0": 19.39019754,
        "t0": "J2000",
        "P": ""
    },
    "orbitRate":{
        "da": 0.00087556565138,
        "de": 2.4976550815e-14,
        "di": -2.5766566532e-12,
        "dL": -9.2710925419e-11,
        "dw": 2.3353623533e-10,
        "dM": 0.00000606505509738
    },
    "Params":{
        "Radius": 3389.5e3,
        "Color": "#a08040",
        "Mass": 4.2828372e13
    }
},
"Jupiter":{
    "orbit":{
        "Parent":"Sun",
        "frame":"Ecliptic",
        "a": 7.7834148943e11,
        "e": 0.04838624,
        "i": 1.30439695,
        "L": 100.47390909,
        "w": -85.74542926,
        "M0": 19.66796068,
        "t0": "J2000",
        "P": ""
    },
    "orbitRate":{
        "da": -0.00550226882272,
        "de": -4.199622278e-14,
        "di": -5.8215453647e-13,
        "dL": 6.486268284e-11,
        "dw": 2.4829581464e-12,
        "dM": 9.6158567225e-7
    },
    "Params":{
        "Radius": 69911e3,
        "Color": "#ffa080",
        "Mass": 1.266865349e17
    }
},
"Saturn":{
    "orbit":{
        "Parent":"Sun",
        "frame":"Ecliptic",
        "a": 1.4266676473e12,
        "e": 0.05386179,
        "i": 2.48599187,
        "L": 113.66242448,
        "w": -21.06354617,
        "M0": -42.64463408,
        "t0": "J2000",
        "P": ""
    },
    "orbitRate":{
        "da": -0.0592843748574,
        "de": -1.6158072857e-13,
        "di": 6.1350989936e-13,
        "dL": -9.1476519127e-11,
        "dw": -4.128774685e-11,
        "dM": 3.8751761673e-7
    },
    "Params":{
        "Radius": 58232e3,
        "Color": "#ffffa0",
        "Mass": 2.2031870799860e13
    }
},
"Uranus":{
    "orbit":{
        "Parent":"Sun",
        "frame":"Ecliptic",
        "a": 2.8706606518e12,
        "e": 0.04725744,
        "i": 0.77263783,
        "L": 74.01692503,
        "w": 96.93735127,
        "M0": 142.28382821,
        "t0": "J2000",
        "P": ""
    },
    "orbitRate":{
        "da": -0.092996733744,
        "de": -1.3933252212e-14,
        "di": -7.6982723655e-13,
        "dL": 1.3437615662e-11,
        "dw": 1.158665171e-10,
        "dM": 1.3564845712e-7
    },
    "Params":{
        "Radius": 25362e3,
        "Color": "#c6e7e7",
        "Mass": 5.7939399e15
    }
},
"Neptune":{
    "orbit":{
        "Parent":"Sun",
        "frame":"Ecliptic",
        "a": 4.4984003051e12,
        "e": 0.00859048,
        "i": 1.77004347,
        "L": 131.78422574,
        "w": -86.81946347,
        "M0": -100.08479196,
        "t0": "J2000",
        "P": ""
    },
    "orbitRate":{
        "da": 0.0124631816678,
        "de": 1.6176768829e-14,
        "di": 1.1208710422e-13,
        "dL": -1.61185895e-12,
        "dw": -1.005551753e-10,
        "dM": 6.9327790418e-8
    },
    "Params":{
        "Radius": 24622e3,
        "Color": "#b0d0e0",
        "Mass": 6.8365299e15
    }
}
}